scenario,portfolio,name,rebalance,cost_bps,observations,total_return,annualized_return,annualized_volatility,sharpe_ratio,max_drawdown,worst_day
monthly_0,spy,SPY only,monthly,0,2189,2.2361410206857446,0.14476119484608096,0.19025960718435891,0.8061359967128089,-0.3371725882604554,-0.10942348747884711
monthly_0,equity,Equity mix,monthly,0,2189,2.23745406253064,0.14481465655738934,0.21163947361521465,0.7453938793839227,-0.34104146453881645,-0.12019944146341499
monthly_0,diversified,"Stocks, bonds & gold",monthly,0,2189,1.602384880276726,0.1163953282083694,0.13639742305244693,0.8756839058433431,-0.26059170066349735,-0.06394578325313993
monthly_10,spy,SPY only,monthly,10,2189,2.2329048796650754,0.14462935038001934,0.19025643117802746,0.8055405428880562,-0.3371725882604554,-0.10942348747884711
monthly_10,equity,Equity mix,monthly,10,2189,2.229393591609038,0.14448616391194036,0.21163771254120073,0.7440416911647176,-0.3410488303241477,-0.12019944146341499
monthly_10,diversified,"Stocks, bonds & gold",monthly,10,2189,1.592440313300215,0.11590337641406023,0.1363926343876954,0.872477003738454,-0.26080220922351005,-0.06394578325313993
monthly_25,spy,SPY only,monthly,25,2189,2.228050668134026,0.1444313645464519,0.19025281602375974,0.8046424659542846,-0.3371725882604558,-0.10942348747884711
monthly_25,equity,Equity mix,monthly,25,2189,2.2173342604062682,0.14399334632998761,0.21163613205895904,0.7420096462379878,-0.34105987900214374,-0.12019944146341499
monthly_25,diversified,"Stocks, bonds & gold",monthly,25,2189,1.577589343822058,0.11516558987992509,0.13638719415793335,0.8676551412231238,-0.2611178715679703,-0.06394578325313993
buy_hold_0,spy,SPY only,buy_hold,0,2189,2.2361410206857446,0.14476119484608096,0.19025960718435891,0.8061359967128089,-0.3371725882604554,-0.10942348747884711
buy_hold_0,equity,Equity mix,buy_hold,0,2189,2.366593260593655,0.14998121538013987,0.2123267066337878,0.7648525258739232,-0.3346192345539528,-0.11961591322330845
buy_hold_0,diversified,"Stocks, bonds & gold",buy_hold,0,2189,1.82759891793166,0.12711361620387351,0.144886625809944,0.8985662854960275,-0.2699577233285073,-0.061412869661483516
buy_hold_10,spy,SPY only,buy_hold,10,2189,2.2329048796650754,0.14462935038001934,0.19025643117802746,0.8055405428880562,-0.3371725882604554,-0.10942348747884711
buy_hold_10,equity,Equity mix,buy_hold,10,2189,2.363226667333076,0.14984876971373762,0.21232422630470968,0.764316178974456,-0.3346192345539527,-0.11961591322330845
buy_hold_10,diversified,"Stocks, bonds & gold",buy_hold,10,2189,1.8247713190137365,0.12698380424519717,0.14488437004210578,0.8977826484444553,-0.26995772332850776,-0.061412869661483516
buy_hold_25,spy,SPY only,buy_hold,25,2189,2.228050668134026,0.1444313645464519,0.19025281602375974,0.8046424659542846,-0.3371725882604558,-0.10942348747884711
buy_hold_25,equity,Equity mix,buy_hold,25,2189,2.358176777442172,0.14964988108042387,0.2123215339968533,0.7635079377567747,-0.3346192345539526,-0.11961591322330845
buy_hold_25,diversified,"Stocks, bonds & gold",buy_hold,25,2189,1.820529920636829,0.12678887055087418,0.14488248765343612,0.8965978565270613,-0.2699577233285073,-0.061412869661483516
