period,portfolio,name,first_return_date,last_return_date,observations,total_return,annualized_return,annualized_volatility,sharpe_ratio,max_drawdown,worst_day
Full sample,spy,SPY only,2018-01-03,2026-09-18,2189,2.2329048796650754,0.14462935038001934,0.19025643117802746,0.8055405428880562,-0.3371725882604554,-0.10942348747884711
Full sample,equity,Equity mix,2018-01-03,2026-09-18,2189,2.229393591609038,0.14448616391194036,0.21163771254120073,0.7440416911647176,-0.3410488303241477,-0.12019944146341499
Full sample,diversified,"Stocks, bonds & gold",2018-01-03,2026-09-18,2189,1.592440313300215,0.11590337641406023,0.1363926343876954,0.872477003738454,-0.26080220922351005,-0.06394578325313993
2020 sell-off (hindsight window),spy,SPY only,2020-02-20,2020-03-23,23,-0.3371725882604558,-0.9889548844137707,0.7664125089806566,-5.455614970856369,-0.3371725882604558,-0.10942348747884711
2020 sell-off (hindsight window),equity,Equity mix,2020-02-20,2020-03-23,23,-0.34104883032414735,-0.9896423433149697,0.7777847386010361,-5.443008191681789,-0.34104883032414735,-0.12019944146341499
2020 sell-off (hindsight window),diversified,"Stocks, bonds & gold",2020-02-20,2020-03-23,23,-0.19579084543426417,-0.9081300397801979,0.4148165055796384,-5.525855527857872,-0.21360157381162326,-0.06394578325313993
2020 calendar year,spy,SPY only,2020-01-02,2020-12-31,253,0.18331629250712944,0.18252929393628858,0.33397938441037683,0.6701122752800546,-0.33717258826045526,-0.10942348747884711
2020 calendar year,equity,Equity mix,2020-01-02,2020-12-31,253,0.2874632883892123,0.28617812672275633,0.3482522388596336,0.8989185335419633,-0.34104883032414735,-0.12019944146341499
2020 calendar year,diversified,"Stocks, bonds & gold",2020-01-02,2020-12-31,253,0.27358490624998044,0.27236810339889406,0.1995265677728911,1.3080361449616091,-0.2136015738116236,-0.06394578325313993
2022 calendar year,spy,SPY only,2022-01-03,2022-12-30,251,-0.18175355218261802,-0.18240720908997,0.24242966919610498,-0.709587171658885,-0.24496388853798645,-0.04348244695763759
2022 calendar year,equity,Equity mix,2022-01-03,2022-12-30,251,-0.23902155954164894,-0.23984924237605254,0.2754323248645723,-0.8579134437443531,-0.2817600042398437,-0.045822282905100487
2022 calendar year,diversified,"Stocks, bonds & gold",2022-01-03,2022-12-30,251,-0.2080595932189343,-0.20879524834535634,0.18378755725890486,-1.1822238132799403,-0.2509375406051285,-0.037652141971750264
2023 onwards,spy,SPY only,2023-01-03,2026-09-18,931,1.088151252109773,0.22054025493894724,0.1495796850113647,1.4072265027097728,-0.18755237333914399,-0.058543043984177645
2023 onwards,equity,Equity mix,2023-01-03,2026-09-18,931,1.1616169899613737,0.23201729139477467,0.17372509089100488,1.2880329582140366,-0.2175460941507662,-0.0556846195904388
2023 onwards,diversified,"Stocks, bonds & gold",2023-01-03,2026-09-18,931,0.8996190254001495,0.18967553092928546,0.12606285427915856,1.4410498686211317,-0.12734345023623717,-0.03495291797703781
