symbol,asset_class,loss_rank,trade_date,daily_return
GLD,Gold,1,2026-01-30,-0.10274245274560045
GLD,Gold,2,2025-10-21,-0.06426889260666147
GLD,Gold,3,2020-08-11,-0.05369440853432972
GLD,Gold,4,2026-03-03,-0.04461221500318879
GLD,Gold,5,2020-11-09,-0.04427097823171633
IWM,Equity,1,2020-03-16,-0.13266909666438853
IWM,Equity,2,2020-03-12,-0.11050191791871267
IWM,Equity,3,2020-03-09,-0.09722967580775543
IWM,Equity,4,2020-03-18,-0.07751245105408822
IWM,Equity,5,2020-06-11,-0.07627575356607386
QQQ,Equity,1,2020-03-16,-0.11978782204109917
QQQ,Equity,2,2020-03-12,-0.0916917267902373
QQQ,Equity,3,2020-03-09,-0.06946442160998378
QQQ,Equity,4,2025-04-04,-0.062108830483696975
QQQ,Equity,5,2022-09-13,-0.05483689958091553
SPY,Equity,1,2020-03-16,-0.10942348747884711
SPY,Equity,2,2020-03-12,-0.09567717434333345
SPY,Equity,3,2020-03-09,-0.07809443483804357
SPY,Equity,4,2025-04-04,-0.058543043984177645
SPY,Equity,5,2020-06-11,-0.05764919914903077
TLT,Bonds,1,2020-03-17,-0.06668220026076
TLT,Bonds,2,2020-03-18,-0.05641332654541542
TLT,Bonds,3,2020-03-10,-0.05125846723540006
TLT,Bonds,4,2020-03-11,-0.03679754970015314
TLT,Bonds,5,2022-03-02,-0.0341830936777171
