month,symbol,monthly_return,coverage,performance_rank
2018-01,QQQ,0.0688370306210977,Sample boundary month,1
2018-01,SPY,0.04885220922285738,Sample boundary month,2
2018-01,GLD,0.019976028521925704,Sample boundary month,3
2018-01,IWM,0.015984222034540085,Sample boundary month,4
2018-01,TLT,-0.02199352438956592,Sample boundary month,5
2018-02,QQQ,-0.012927800542505863,Interior sample month,1
2018-02,GLD,-0.020759902030566435,Interior sample month,2
2018-02,TLT,-0.030414683026516176,Interior sample month,3
2018-02,SPY,-0.036360466100199496,Interior sample month,4
2018-02,IWM,-0.0384366803257532,Interior sample month,5
2018-03,TLT,0.028596627470395042,Interior sample month,1
2018-03,IWM,0.012175268530879801,Interior sample month,2
2018-03,GLD,0.006320007324218668,Interior sample month,3
2018-03,SPY,-0.027410434799787553,Interior sample month,4
2018-03,QQQ,-0.040788107928491524,Interior sample month,5
2018-04,IWM,0.00981352679963221,Interior sample month,1
2018-04,SPY,0.005168321292734479,Interior sample month,2
2018-04,QQQ,0.0050582029805243955,Interior sample month,3
2018-04,GLD,-0.009539745360543916,Interior sample month,4
2018-04,TLT,-0.020881378704410314,Interior sample month,5
2018-05,IWM,0.06163568691842136,Interior sample month,1
2018-05,QQQ,0.05672941044599855,Interior sample month,2
2018-05,SPY,0.02430913678380464,Interior sample month,3
2018-05,TLT,0.020044230155645604,Interior sample month,4
2018-05,GLD,-0.011959209467577336,Interior sample month,5
2018-06,QQQ,0.011450072252542354,Interior sample month,1
2018-06,TLT,0.006458160495000476,Interior sample month,2
2018-06,IWM,0.0061437742115846294,Interior sample month,3
2018-06,SPY,0.005750376953142622,Interior sample month,4
2018-06,GLD,-0.03614944763120931,Interior sample month,5
2018-07,SPY,0.03704665613071634,Interior sample month,1
2018-07,QQQ,0.02796427651458644,Interior sample month,2
2018-07,IWM,0.016490470105833932,Interior sample month,3
2018-07,TLT,-0.014368955514886372,Interior sample month,4
2018-07,GLD,-0.022418909632539674,Interior sample month,5
2018-08,QQQ,0.057806698950215285,Interior sample month,1
2018-08,IWM,0.04310618486198514,Interior sample month,2
2018-08,SPY,0.03192005352168281,Interior sample month,3
2018-08,TLT,0.013120459663942041,Interior sample month,4
2018-08,GLD,-0.021381117106768266,Interior sample month,5
2018-09,SPY,0.005945749587699112,Interior sample month,1
2018-09,QQQ,-0.0028161618273501166,Interior sample month,2
2018-09,GLD,-0.006607347245927042,Interior sample month,3
2018-09,IWM,-0.0232502079363488,Interior sample month,4
2018-09,TLT,-0.028642857730436844,Interior sample month,5
2018-10,GLD,0.02119545356837582,Interior sample month,1
2018-10,TLT,-0.02930550956932465,Interior sample month,2
2018-10,SPY,-0.06910484020395702,Interior sample month,3
2018-10,QQQ,-0.0859572729985022,Interior sample month,4
2018-10,IWM,-0.1098784598159509,Interior sample month,5
2018-11,SPY,0.01854969796469441,Interior sample month,1
2018-11,TLT,0.017871884113457304,Interior sample month,2
2018-11,IWM,0.017263120446556757,Interior sample month,3
2018-11,GLD,0.003386881324189961,Interior sample month,4
2018-11,QQQ,-0.0026502011316732466,Interior sample month,5
2018-12,TLT,0.05853486544840636,Interior sample month,1
2018-12,GLD,0.04942010593064916,Interior sample month,2
2018-12,QQQ,-0.08660688532183747,Interior sample month,3
2018-12,SPY,-0.08804856466247313,Interior sample month,4
2018-12,IWM,-0.11972129665036702,Interior sample month,5
2019-01,IWM,0.11321910338018504,Interior sample month,1
2019-01,QQQ,0.09010763065603333,Interior sample month,2
2019-01,SPY,0.080065622085562,Interior sample month,3
2019-01,GLD,0.028865979381443196,Interior sample month,4
2019-01,TLT,0.0037860322609883923,Interior sample month,5
2019-02,IWM,0.05179095356244656,Interior sample month,1
2019-02,SPY,0.03241567626069508,Interior sample month,2
2019-02,QQQ,0.029911780349995976,Interior sample month,3
2019-02,GLD,-0.006092201492829408,Interior sample month,4
2019-02,TLT,-0.013763841473314109,Interior sample month,5
2019-03,TLT,0.05571643160217188,Interior sample month,1
2019-03,QQQ,0.039245631104461554,Interior sample month,2
2019-03,SPY,0.018100903498949217,Interior sample month,3
2019-03,GLD,-0.01596899557748621,Interior sample month,4
2019-03,IWM,-0.020933149771408033,Interior sample month,5
2019-04,QQQ,0.05499288219282494,Interior sample month,1
2019-04,SPY,0.04085192849842767,Interior sample month,2
2019-04,IWM,0.033966815351250235,Interior sample month,3
2019-04,GLD,-0.006638842503124187,Interior sample month,4
2019-04,TLT,-0.019910737422322078,Interior sample month,5
2019-05,TLT,0.06839162773406349,Interior sample month,1
2019-05,GLD,0.017574298155486723,Interior sample month,2
2019-05,SPY,-0.06377109075538778,Interior sample month,3
2019-05,IWM,-0.07852662595121018,Interior sample month,4
2019-05,QQQ,-0.08225159869586929,Interior sample month,5
2019-06,GLD,0.08002914919848991,Interior sample month,1
2019-06,QQQ,0.07590014879160067,Interior sample month,2
2019-06,IWM,0.06984923117232467,Interior sample month,3
2019-06,SPY,0.0695866563878873,Interior sample month,4
2019-06,TLT,0.009502036863969332,Interior sample month,5
2019-07,QQQ,0.02334811591420549,Interior sample month,1
2019-07,SPY,0.015119462383136995,Interior sample month,2
2019-07,IWM,0.006816439085353343,Interior sample month,3
2019-07,TLT,0.002564685149354373,Interior sample month,4
2019-07,GLD,7.514839229982861e-05,Interior sample month,5
2019-08,TLT,0.11049149673129732,Interior sample month,1
2019-08,GLD,0.0791231345612986,Interior sample month,2
2019-08,SPY,-0.01674356397970367,Interior sample month,3
2019-08,QQQ,-0.018995436866198978,Interior sample month,4
2019-08,IWM,-0.04931007319779612,Interior sample month,5
2019-09,IWM,0.020370494743089163,Interior sample month,1
2019-09,SPY,0.01945761343515895,Interior sample month,2
2019-09,QQQ,0.009178892185668586,Interior sample month,3
2019-09,TLT,-0.02679904325516691,Interior sample month,4
2019-09,GLD,-0.0339478600543478,Interior sample month,5
2019-10,QQQ,0.04380072034918214,Interior sample month,1
2019-10,IWM,0.027157373123622097,Interior sample month,2
2019-10,GLD,0.02563546974700759,Interior sample month,3
2019-10,SPY,0.02210491215724142,Interior sample month,4
2019-10,TLT,-0.011132373508800919,Interior sample month,5
2019-11,QQQ,0.04069426216188443,Interior sample month,1
2019-11,IWM,0.04065649385118708,Interior sample month,2
2019-11,SPY,0.03619842233245851,Interior sample month,3
2019-11,TLT,-0.004071152049028082,Interior sample month,4
2019-11,GLD,-0.03208588289288572,Interior sample month,5
2019-12,QQQ,0.038863889977118315,Interior sample month,1
2019-12,GLD,0.03655877893383952,Interior sample month,2
2019-12,SPY,0.029055312025496383,Interior sample month,3
2019-12,IWM,0.02786526847402082,Interior sample month,4
2019-12,TLT,-0.03197521876533549,Interior sample month,5
2020-01,TLT,0.07691180582579649,Interior sample month,1
2020-01,GLD,0.04499655849690343,Interior sample month,2
2020-01,QQQ,0.03038407425771994,Interior sample month,3
2020-01,SPY,-0.0004037659096229884,Interior sample month,4
2020-01,IWM,-0.031025428537881594,Interior sample month,5
2020-02,TLT,0.06626444946336396,Interior sample month,1
2020-02,GLD,-0.006361728631845698,Interior sample month,2
2020-02,QQQ,-0.060574369377473625,Interior sample month,3
2020-02,SPY,-0.0791659116469986,Interior sample month,4
2020-02,IWM,-0.0884573026923533,Interior sample month,5
2020-03,TLT,0.06376741289943233,Interior sample month,1
2020-03,GLD,-0.002224031676743232,Interior sample month,2
2020-03,QQQ,-0.07285834946968806,Interior sample month,3
2020-03,SPY,-0.12487103446924208,Interior sample month,4
2020-03,IWM,-0.2147708997549348,Interior sample month,5
2020-04,QQQ,0.1497373683681813,Interior sample month,1
2020-04,IWM,0.13847621810781963,Interior sample month,2
2020-04,SPY,0.12698346532918015,Interior sample month,3
2020-04,GLD,0.07261060302877431,Interior sample month,4
2020-04,TLT,0.012189262242161991,Interior sample month,5
2020-05,QQQ,0.06600883520129819,Interior sample month,1
2020-05,IWM,0.06591997312754416,Interior sample month,2
2020-05,SPY,0.04764548364671595,Interior sample month,3
2020-05,GLD,0.02588161543682088,Interior sample month,4
2020-05,TLT,-0.017619310391553067,Interior sample month,5
2020-06,QQQ,0.06286688878850155,Interior sample month,1
2020-06,IWM,0.034299144580082874,Interior sample month,2
2020-06,GLD,0.02737702630176453,Interior sample month,3
2020-06,SPY,0.017734018665991558,Interior sample month,4
2020-06,TLT,0.003366232634851807,Interior sample month,5
2020-07,GLD,0.10790463097013703,Interior sample month,1
2020-07,QQQ,0.07346489653156496,Interior sample month,2
2020-07,SPY,0.05889220623735003,Interior sample month,3
2020-07,TLT,0.04435142252539315,Interior sample month,4
2020-07,IWM,0.02919408315172478,Interior sample month,5
2020-08,QQQ,0.10944746884010836,Interior sample month,1
2020-08,SPY,0.06979673159370892,Interior sample month,2
2020-08,IWM,0.054763804310005826,Interior sample month,3
2020-08,GLD,-0.0032356731296194763,Interior sample month,4
2020-08,TLT,-0.05046529061381122,Interior sample month,5
2020-09,TLT,0.007734175385346376,Interior sample month,1
2020-09,IWM,-0.032612717301346406,Interior sample month,2
2020-09,SPY,-0.037443626141207775,Interior sample month,3
2020-09,GLD,-0.0417140433776253,Interior sample month,4
2020-09,QQQ,-0.05778584177998858,Interior sample month,5
2020-10,IWM,0.02203057159582955,Interior sample month,1
2020-10,GLD,-0.0051942084141127776,Interior sample month,2
2020-10,SPY,-0.024933473357182434,Interior sample month,3
2020-10,QQQ,-0.030449482115093462,Interior sample month,4
2020-10,TLT,-0.033851960347212495,Interior sample month,5
2020-11,IWM,0.18244177261556893,Interior sample month,1
2020-11,QQQ,0.1122575849695786,Interior sample month,2
2020-11,SPY,0.10877699346362846,Interior sample month,3
2020-11,TLT,0.016639077529476243,Interior sample month,4
2020-11,GLD,-0.05408625961608993,Interior sample month,5
2020-12,IWM,0.08646446991020107,Interior sample month,1
2020-12,GLD,0.07013861264675048,Interior sample month,2
2020-12,QQQ,0.04902441873064545,Interior sample month,3
2020-12,SPY,0.037048240612508776,Interior sample month,4
2020-12,TLT,-0.012276473348415307,Interior sample month,5
2021-01,IWM,0.048454309614680335,Interior sample month,1
2021-01,QQQ,0.0026139646864333788,Interior sample month,2
2021-01,SPY,-0.010190465598828857,Interior sample month,3
2021-01,GLD,-0.03223816988295236,Interior sample month,4
2021-01,TLT,-0.036328478924777086,Interior sample month,5
2021-02,IWM,0.06202585303935648,Interior sample month,1
2021-02,SPY,0.027805486239884658,Interior sample month,2
2021-02,QQQ,-0.0013352739327865404,Interior sample month,3
2021-02,TLT,-0.05732906551083339,Interior sample month,4
2021-02,GLD,-0.06256881416817583,Interior sample month,5
2021-03,SPY,0.045399217278770276,Interior sample month,1
2021-03,QQQ,0.01716751561710539,Interior sample month,2
2021-03,IWM,0.013950354556327316,Interior sample month,3
2021-03,GLD,-0.011433105943016053,Interior sample month,4
2021-03,TLT,-0.05245250542960589,Interior sample month,5
2021-04,QQQ,0.05909805517096989,Interior sample month,1
2021-04,SPY,0.0529106320582835,Interior sample month,2
2021-04,GLD,0.035633887903232075,Interior sample month,3
2021-04,TLT,0.024950807835253386,Interior sample month,4
2021-04,IWM,0.017878189199581174,Interior sample month,5
2021-05,GLD,0.07678377966625938,Interior sample month,1
2021-05,SPY,0.0065659908681778845,Interior sample month,2
2021-05,IWM,0.0027122419208427395,Interior sample month,3
2021-05,TLT,2.2006501235960485e-05,Interior sample month,4
2021-05,QQQ,-0.0120118003275963,Interior sample month,5
2021-06,QQQ,0.06262130209401451,Interior sample month,1
2021-06,TLT,0.04419059325380115,Interior sample month,2
2021-06,SPY,0.022427398240887575,Interior sample month,3
2021-06,IWM,0.018690009492621895,Interior sample month,4
2021-06,GLD,-0.07147662098325525,Interior sample month,5
2021-07,TLT,0.03716655358258403,Interior sample month,1
2021-07,QQQ,0.02860918463845974,Interior sample month,2
2021-07,GLD,0.025297363508325565,Interior sample month,3
2021-07,SPY,0.024412563374211604,Interior sample month,4
2021-07,IWM,-0.03627314132110182,Interior sample month,5
2021-08,QQQ,0.04218649531011254,Interior sample month,1
2021-08,SPY,0.029759714696332207,Interior sample month,2
2021-08,IWM,0.02203121820253351,Interior sample month,3
2021-08,GLD,-0.0007655451490135023,Interior sample month,4
2021-08,TLT,-0.0034012291654119675,Interior sample month,5
2021-09,IWM,-0.028803646284042972,Interior sample month,1
2021-09,TLT,-0.02907040357011892,Interior sample month,2
2021-09,GLD,-0.03223525924924131,Interior sample month,3
2021-09,SPY,-0.046605379693386295,Interior sample month,4
2021-09,QQQ,-0.05683141029289551,Interior sample month,5
2021-10,QQQ,0.07863993052853235,Interior sample month,1
2021-10,SPY,0.07016365756839549,Interior sample month,2
2021-10,IWM,0.04251435657585745,Interior sample month,3
2021-10,TLT,0.02465016595762992,Interior sample month,4
2021-10,GLD,0.014797178527087285,Interior sample month,5
2021-11,TLT,0.027714893557310605,Interior sample month,1
2021-11,QQQ,0.01996856874768005,Interior sample month,2
2021-11,GLD,-0.006900653696985448,Interior sample month,3
2021-11,SPY,-0.008034974693946872,Interior sample month,4
2021-11,IWM,-0.04332388461531622,Interior sample month,5
2021-12,SPY,0.046247750501038576,Interior sample month,1
2021-12,GLD,0.032990977123064535,Interior sample month,2
2021-12,IWM,0.02271486651322885,Interior sample month,3
2021-12,QQQ,0.01152338794168517,Interior sample month,4
2021-12,TLT,-0.0201378140082783,Interior sample month,5
2022-01,GLD,-0.016787612677039987,Interior sample month,1
2022-01,TLT,-0.039139430374285133,Interior sample month,2
2022-01,SPY,-0.052741193023491895,Interior sample month,3
2022-01,QQQ,-0.08747016049927736,Interior sample month,4
2022-01,IWM,-0.09534704694084573,Interior sample month,5
2022-02,GLD,0.061217257237826006,Interior sample month,1
2022-02,IWM,0.010335734872518598,Interior sample month,2
2022-02,TLT,-0.016329986278621256,Interior sample month,3
2022-02,SPY,-0.02951699831780541,Interior sample month,4
2022-02,QQQ,-0.04475970530583906,Interior sample month,5
2022-03,QQQ,0.04667907708907926,Interior sample month,1
2022-03,SPY,0.037590422885183106,Interior sample month,2
2022-03,GLD,0.0127255799503041,Interior sample month,3
2022-03,IWM,0.011575428801609444,Interior sample month,4
2022-03,TLT,-0.05444359222157169,Interior sample month,5
2022-04,GLD,-0.020702963524693363,Interior sample month,1
2022-04,SPY,-0.08776901258120451,Interior sample month,2
2022-04,TLT,-0.09423853915671299,Interior sample month,3
2022-04,IWM,-0.09899168816049708,Interior sample month,4
2022-04,QQQ,-0.13595763680667938,Interior sample month,5
2022-05,SPY,0.0022572320957932046,Interior sample month,1
2022-05,IWM,0.001946411464869069,Interior sample month,2
2022-05,QQQ,-0.015865921205969857,Interior sample month,3
2022-05,TLT,-0.022533413985524886,Interior sample month,4
2022-05,GLD,-0.03261547766106776,Interior sample month,5
2022-06,TLT,-0.01274561016163811,Interior sample month,1
2022-06,GLD,-0.01565965107712486,Interior sample month,2
2022-06,SPY,-0.08246061369809587,Interior sample month,3
2022-06,IWM,-0.0836633149488405,Interior sample month,4
2022-06,QQQ,-0.08907884303080238,Interior sample month,5
2022-07,QQQ,0.12551727712003058,Interior sample month,1
2022-07,IWM,0.10563276594020476,Interior sample month,2
2022-07,SPY,0.09208750563462265,Interior sample month,3
2022-07,TLT,0.024310208683813395,Interior sample month,4
2022-07,GLD,-0.0258815174913124,Interior sample month,5
2022-08,IWM,-0.020026773250389818,Interior sample month,1
2022-08,GLD,-0.02943328245830701,Interior sample month,2
2022-08,SPY,-0.0408019588111328,Interior sample month,3
2022-08,TLT,-0.045530594641875255,Interior sample month,4
2022-08,QQQ,-0.05132191796590635,Interior sample month,5
2022-09,GLD,-0.028881810636775418,Interior sample month,1
2022-09,TLT,-0.08235169094295203,Interior sample month,2
2022-09,SPY,-0.09244583972568787,Interior sample month,3
2022-09,IWM,-0.09660420250481672,Interior sample month,4
2022-09,QQQ,-0.10535527420722768,Interior sample month,5
2022-10,IWM,0.11162988024712006,Interior sample month,1
2022-10,SPY,0.08127552250407799,Interior sample month,2
2022-10,QQQ,0.03999848002993178,Interior sample month,3
2022-10,GLD,-0.017844407703562548,Interior sample month,4
2022-10,TLT,-0.05964360479139874,Interior sample month,5
2022-11,GLD,0.0849186596373046,Interior sample month,1
2022-11,TLT,0.07151029737673342,Interior sample month,2
2022-11,SPY,0.05559165193521021,Interior sample month,3
2022-11,QQQ,0.055441551388048405,Interior sample month,4
2022-11,IWM,0.022036900606408505,Interior sample month,5
2022-12,GLD,0.02930648566594085,Interior sample month,1
2022-12,TLT,-0.026200236928268672,Interior sample month,2
2022-12,SPY,-0.057628242739743096,Interior sample month,3
2022-12,IWM,-0.06514162356706477,Interior sample month,4
2022-12,QQQ,-0.09013664824394763,Interior sample month,5
2023-01,QQQ,0.10642918931157563,Interior sample month,1
2023-01,IWM,0.09818778658918159,Interior sample month,2
2023-01,TLT,0.0764361676599874,Interior sample month,3
2023-01,SPY,0.0628871821995789,Interior sample month,4
2023-01,GLD,0.05759257431981046,Interior sample month,5
2023-02,QQQ,-0.003597737367923237,Interior sample month,1
2023-02,IWM,-0.017234056733452796,Interior sample month,2
2023-02,SPY,-0.025142592577141465,Interior sample month,3
2023-02,TLT,-0.04850524270991774,Interior sample month,4
2023-02,GLD,-0.05367596391642193,Interior sample month,5
2023-03,QQQ,0.09492703466880625,Interior sample month,1
2023-03,GLD,0.07916128247166143,Interior sample month,2
2023-03,TLT,0.04839333180440031,Interior sample month,3
2023-03,SPY,0.03707780333835631,Interior sample month,4
2023-03,IWM,-0.048473585382131534,Interior sample month,5
2023-04,SPY,0.01597503737884387,Interior sample month,1
2023-04,GLD,0.008623522653246951,Interior sample month,2
2023-04,QQQ,0.0050794017181883255,Interior sample month,3
2023-04,TLT,0.0033833578324262703,Interior sample month,4
2023-04,IWM,-0.01793705833312398,Interior sample month,5
2023-05,QQQ,0.07883775265884685,Interior sample month,1
2023-05,SPY,0.004616015357086667,Interior sample month,2
2023-05,IWM,-0.008161951966831449,Interior sample month,3
2023-05,GLD,-0.013419890078922081,Interior sample month,4
2023-05,TLT,-0.030153036907329067,Interior sample month,5
2023-06,IWM,0.08067330358193847,Interior sample month,1
2023-06,SPY,0.06479998681880561,Interior sample month,2
2023-06,QQQ,0.06303858939789087,Interior sample month,3
2023-06,TLT,0.002171310800147097,Interior sample month,4
2023-06,GLD,-0.02221370606110007,Interior sample month,5
2023-07,IWM,0.06108814040905819,Interior sample month,1
2023-07,QQQ,0.03860081510915325,Interior sample month,2
2023-07,SPY,0.032733301253871305,Interior sample month,3
2023-07,GLD,0.02288664235862692,Interior sample month,4
2023-07,TLT,-0.025442709856102974,Interior sample month,5
2023-08,GLD,-0.012777635059315506,Interior sample month,1
2023-08,QQQ,-0.014829947910717345,Interior sample month,2
2023-08,SPY,-0.016252065238005486,Interior sample month,3
2023-08,TLT,-0.031420638565035186,Interior sample month,4
2023-08,IWM,-0.05082783621352027,Interior sample month,5
2023-09,SPY,-0.04743450091117274,Interior sample month,1
2023-09,GLD,-0.047605861131121974,Interior sample month,2
2023-09,QQQ,-0.05079860219124677,Interior sample month,3
2023-09,IWM,-0.05853608690632117,Interior sample month,4
2023-09,TLT,-0.07951129011013414,Interior sample month,5
2023-10,GLD,0.07372411557093361,Interior sample month,1
2023-10,QQQ,-0.02065494417871816,Interior sample month,2
2023-10,SPY,-0.021708678963486716,Interior sample month,3
2023-10,TLT,-0.05463209439584493,Interior sample month,4
2023-10,IWM,-0.06914128753047932,Interior sample month,5
2023-11,QQQ,0.10818819524371492,Interior sample month,1
2023-11,TLT,0.09923925498028141,Interior sample month,2
2023-11,IWM,0.09202540639589918,Interior sample month,3
2023-11,SPY,0.09134390929373848,Interior sample month,4
2023-11,GLD,0.02531372564947043,Interior sample month,5
2023-12,IWM,0.12126197173996323,Interior sample month,1
2023-12,TLT,0.08685730677964276,Interior sample month,2
2023-12,QQQ,0.055869755111134234,Interior sample month,3
2023-12,SPY,0.04565519491626424,Interior sample month,4
2023-12,GLD,0.012821182352028115,Interior sample month,5
2024-01,QQQ,0.0181920791622614,Interior sample month,1
2024-01,SPY,0.015926551738931094,Interior sample month,2
2024-01,GLD,-0.014228180398366375,Interior sample month,3
2024-01,TLT,-0.02245153271602207,Interior sample month,4
2024-01,IWM,-0.03901165534315343,Interior sample month,5
2024-02,IWM,0.05625260819214972,Interior sample month,1
2024-02,QQQ,0.052833310229444264,Interior sample month,2
2024-02,SPY,0.05218693017589393,Interior sample month,3
2024-02,GLD,0.004563548019519192,Interior sample month,4
2024-02,TLT,-0.022521926765077915,Interior sample month,5
2024-03,GLD,0.08668323846462611,Interior sample month,1
2024-03,IWM,0.03486957104726218,Interior sample month,2
2024-03,SPY,0.032701903989541314,Interior sample month,3
2024-03,QQQ,0.012749830426810993,Interior sample month,4
2024-03,TLT,0.007828621971928573,Interior sample month,5
2024-04,GLD,0.02989497307015121,Interior sample month,1
2024-04,SPY,-0.040319619980207055,Interior sample month,2
2024-04,QQQ,-0.043737801179303815,Interior sample month,3
2024-04,TLT,-0.06455475561646151,Interior sample month,4
2024-04,IWM,-0.06847357041878299,Interior sample month,5
2024-05,QQQ,0.06151826227151669,Interior sample month,1
2024-05,SPY,0.050579581237917504,Interior sample month,2
2024-05,IWM,0.050382958535253985,Interior sample month,3
2024-05,TLT,0.028870231270584634,Interior sample month,4
2024-05,GLD,0.016189210429127243,Interior sample month,5
2024-06,QQQ,0.06470115942673238,Interior sample month,1
2024-06,SPY,0.035280129180037534,Interior sample month,2
2024-06,TLT,0.018171021854174407,Interior sample month,3
2024-06,GLD,-0.0013469974027457976,Interior sample month,4
2024-06,IWM,-0.011243783982994637,Interior sample month,5
2024-07,IWM,0.10335634267847338,Interior sample month,1
2024-07,GLD,0.053671963349382734,Interior sample month,2
2024-07,TLT,0.036299567932980725,Interior sample month,3
2024-07,SPY,0.012109147019452093,Interior sample month,4
2024-07,QQQ,-0.016780983128877214,Interior sample month,5
2024-08,SPY,0.023365538108427897,Interior sample month,1
2024-08,TLT,0.021112449753738494,Interior sample month,2
2024-08,GLD,0.02092249026936499,Interior sample month,3
2024-08,QQQ,0.011038590702873385,Interior sample month,4
2024-08,IWM,-0.016885398198382418,Interior sample month,5
2024-09,GLD,0.050888514912532656,Interior sample month,1
2024-09,QQQ,0.02621593069441497,Interior sample month,2
2024-09,SPY,0.02100460152438899,Interior sample month,3
2024-09,TLT,0.01999402444780274,Interior sample month,4
2024-09,IWM,0.007105219954715247,Interior sample month,5
2024-10,GLD,0.04299348742370923,Interior sample month,1
2024-10,QQQ,-0.008646271583941156,Interior sample month,2
2024-10,SPY,-0.008923388284276412,Interior sample month,3
2024-10,IWM,-0.014170000361861113,Interior sample month,4
2024-10,TLT,-0.054548671658718795,Interior sample month,5
2024-11,IWM,0.11071838539501089,Interior sample month,1
2024-11,SPY,0.0596333630046233,Interior sample month,2
2024-11,QQQ,0.0535082286560582,Interior sample month,3
2024-11,TLT,0.019872206354982325,Interior sample month,4
2024-11,GLD,-0.031241364603207922,Interior sample month,5
2024-12,QQQ,0.004540390327582022,Interior sample month,1
2024-12,GLD,-0.014088486936242095,Interior sample month,2
2024-12,SPY,-0.02406012170171823,Interior sample month,3
2024-12,TLT,-0.06381013632611754,Interior sample month,4
2024-12,IWM,-0.08373906991389923,Interior sample month,5
2025-01,GLD,0.06785607873643396,Interior sample month,1
2025-01,SPY,0.02685645585594032,Interior sample month,2
2025-01,IWM,0.024981880095553022,Interior sample month,3
2025-01,QQQ,0.021634010764750577,Interior sample month,4
2025-01,TLT,0.004923691667364949,Interior sample month,5
2025-02,TLT,0.05697122125204457,Interior sample month,1
2025-02,GLD,0.018216241876358952,Interior sample month,2
2025-02,SPY,-0.012694925318311623,Interior sample month,3
2025-02,QQQ,-0.02703467634698431,Interior sample month,4
2025-02,IWM,-0.052234249107289465,Interior sample month,5
2025-03,GLD,0.09446585889998316,Interior sample month,1
2025-03,TLT,-0.012047073633176142,Interior sample month,2
2025-03,SPY,-0.05571910658300483,Interior sample month,3
2025-03,IWM,-0.06854100670689212,Interior sample month,4
2025-03,QQQ,-0.07586186973081777,Interior sample month,5
2025-04,GLD,0.05424437277239913,Interior sample month,1
2025-04,QQQ,0.013968140622760528,Interior sample month,2
2025-04,SPY,-0.008670288132596515,Interior sample month,3
2025-04,TLT,-0.01360456112704167,Interior sample month,4
2025-04,IWM,-0.023209084007959513,Interior sample month,5
2025-05,QQQ,0.09178286847761497,Interior sample month,1
2025-05,SPY,0.062844908465443,Interior sample month,2
2025-05,IWM,0.0523965255385106,Interior sample month,3
2025-05,GLD,-0.0005595776946504261,Interior sample month,4
2025-05,TLT,-0.03210631624093163,Interior sample month,5
2025-06,QQQ,0.06385848507613345,Interior sample month,1
2025-06,IWM,0.05518438129342185,Interior sample month,2
2025-06,SPY,0.0513862457746872,Interior sample month,3
2025-06,TLT,0.02664059066793545,Interior sample month,4
2025-06,GLD,0.004051318985581975,Interior sample month,5
2025-07,QQQ,0.024236910912897924,Interior sample month,1
2025-07,SPY,0.02303146683242674,Interior sample month,2
2025-07,IWM,0.016682953469504547,Interior sample month,3
2025-07,GLD,-0.0061345510598058706,Interior sample month,4
2025-07,TLT,-0.011396419895726928,Interior sample month,5
2025-08,IWM,0.07192669664607565,Interior sample month,1
2025-08,GLD,0.049874624687468394,Interior sample month,2
2025-08,SPY,0.02051954476092477,Interior sample month,3
2025-08,QQQ,0.009539653971177842,Interior sample month,4
2025-08,TLT,0.00012699925548642632,Interior sample month,5
2025-09,GLD,0.11758415768627128,Interior sample month,1
2025-09,QQQ,0.053762265014838606,Interior sample month,2
2025-09,TLT,0.035909589492123084,Interior sample month,3
2025-09,SPY,0.035620461449873186,Interior sample month,4
2025-09,IWM,0.03179111572442528,Interior sample month,5
2025-10,QQQ,0.047803770649434085,Interior sample month,1
2025-10,GLD,0.035586670754335525,Interior sample month,2
2025-10,SPY,0.023837317255337664,Interior sample month,3
2025-10,IWM,0.01764753398034502,Interior sample month,4
2025-10,TLT,0.013810884307461802,Interior sample month,5
2025-11,GLD,0.05367817567023114,Interior sample month,1
2025-11,IWM,0.010234291527790207,Interior sample month,2
2025-11,TLT,0.002723368385308067,Interior sample month,3
2025-11,SPY,0.0019500533440308665,Interior sample month,4
2025-11,QQQ,-0.015610300275391564,Interior sample month,5
2025-12,GLD,0.02173350667644791,Interior sample month,1
2025-12,SPY,0.000797497263286262,Interior sample month,2
2025-12,QQQ,-0.006699315580919407,Interior sample month,3
2025-12,IWM,-0.0070935165484300455,Interior sample month,4
2025-12,TLT,-0.02658604848543189,Interior sample month,5
2026-01,GLD,0.12273224230545976,Interior sample month,1
2026-01,IWM,0.0548017145416575,Interior sample month,2
2026-01,SPY,0.014737793329742122,Interior sample month,3
2026-01,QQQ,0.01230652757491435,Interior sample month,4
2026-01,TLT,-0.00034429153625659126,Interior sample month,5
2026-02,GLD,0.08720077925273872,Interior sample month,1
2026-02,TLT,0.046337510719945296,Interior sample month,2
2026-02,IWM,0.006778345739533398,Interior sample month,3
2026-02,SPY,-0.008641994294614319,Interior sample month,4
2026-02,QQQ,-0.02344552013091017,Interior sample month,5
2026-03,TLT,-0.04230056778851443,Interior sample month,1
2026-03,QQQ,-0.04838248874276463,Interior sample month,2
2026-03,SPY,-0.04937951897005721,Interior sample month,3
2026-03,IWM,-0.049611108858373054,Interior sample month,4
2026-03,GLD,-0.11051161024305556,Interior sample month,5
2026-04,QQQ,0.15690074810018295,Interior sample month,1
2026-04,IWM,0.12084684448821248,Interior sample month,2
2026-04,SPY,0.10505264083288113,Interior sample month,3
2026-04,TLT,-0.008396421631431616,Interior sample month,4
2026-04,GLD,-0.015408224107347213,Interior sample month,5
2026-05,QQQ,0.1056849099366064,Interior sample month,1
2026-05,SPY,0.05262574755586291,Interior sample month,2
2026-05,IWM,0.04482491417805168,Interior sample month,3
2026-05,TLT,0.005333708278801419,Interior sample month,4
2026-05,GLD,-0.015436926989543909,Interior sample month,5
2026-06,IWM,0.036960768783990794,Interior sample month,1
2026-06,TLT,0.011659489879361162,Interior sample month,2
2026-06,QQQ,-0.0014908106580162617,Interior sample month,3
2026-06,SPY,-0.010292580956815511,Interior sample month,4
2026-06,GLD,-0.11684884638695336,Interior sample month,5
2026-07,GLD,0.00857810852984442,Interior sample month,1
2026-07,SPY,0.00034822442006920973,Interior sample month,2
2026-07,IWM,-0.0307872091247009,Interior sample month,3
2026-07,TLT,-0.04473763223412919,Interior sample month,4
2026-07,QQQ,-0.06573874109851141,Interior sample month,5
2026-08,GLD,0.0992625397928133,Interior sample month,1
2026-08,QQQ,0.04181746570582745,Interior sample month,2
2026-08,SPY,0.026799359784972054,Interior sample month,3
2026-08,IWM,0.009374935971088183,Interior sample month,4
2026-08,TLT,0.007324219389085895,Interior sample month,5
2026-09,QQQ,0.00654333599405077,Sample boundary month,1
2026-09,SPY,-0.0045219383167984795,Sample boundary month,2
2026-09,TLT,-0.011617228502168953,Sample boundary month,3
2026-09,GLD,-0.017751333827040305,Sample boundary month,4
2026-09,IWM,-0.030918840840405748,Sample boundary month,5
